{
  "4636434": {
    "controlPoints": [
      {
        "pointId": 1,
        "position": [
          0.0,
          0.0,
          0.0
        ]
      },
      {
        "pointId": 2,
        "position": [
          39.47863006591797,
          -1.7106620073318481,
          -0.10635630041360855
        ]
      }
    ],
    "position": [
      -37.55120849609375,
      2.0,
      -0.3799861967563629
    ]
  }
}